<?xml version="1.0" encoding="UTF-8"?>
<robot generated="20150517 19:47:36.579" generator="Robot 2.8.7 (Python 2.7.9 on win32)">
<suite source="C:\development\robot-scripts\variables - passing list to keyword\tests" id="s1" name="Tests">
<suite source="C:\development\robot-scripts\variables - passing list to keyword\tests\passing.robot" id="s1-s1" name="Passing">
<test id="s1-s1-t1" name="User can search for products">
<kw type="kw" name="@{url_and_browser} = BuiltIn.Set Variable">
<doc>Returns the given values which can then be assigned to a variables.</doc>
<arguments>
<arg>http://www.amazon.com</arg>
<arg>ie</arg>
</arguments>
<msg timestamp="20150517 19:47:36.732" level="INFO">@{url_and_browser} = [ http://www.amazon.com | ie ]</msg>
<status status="PASS" endtime="20150517 19:47:36.732" starttime="20150517 19:47:36.731"></status>
</kw>
<kw type="kw" name="Begin Web Test">
<doc></doc>
<arguments>
<arg>@{url_and_browser}</arg>
</arguments>
<kw type="kw" name="Selenium2Library.Open Browser">
<doc>Opens a new browser instance to given URL.</doc>
<arguments>
<arg>@{url_and_browser}[0]</arg>
<arg>@{url_and_browser}[1]</arg>
</arguments>
<msg timestamp="20150517 19:47:36.733" level="INFO">Opening browser 'ie' to base url 'http://www.amazon.com'</msg>
<status status="PASS" endtime="20150517 19:47:43.714" starttime="20150517 19:47:36.733"></status>
</kw>
<kw type="kw" name="Selenium2Library.Close Browser">
<doc>Closes the current browser.</doc>
<arguments>
</arguments>
<status status="PASS" endtime="20150517 19:47:45.846" starttime="20150517 19:47:43.715"></status>
</kw>
<status status="PASS" endtime="20150517 19:47:45.846" starttime="20150517 19:47:36.732"></status>
</kw>
<doc></doc>
<tags>
</tags>
<status status="PASS" endtime="20150517 19:47:45.848" critical="yes" starttime="20150517 19:47:36.730"></status>
</test>
<doc></doc>
<metadata>
</metadata>
<status status="PASS" endtime="20150517 19:47:45.849" starttime="20150517 19:47:36.617"></status>
</suite>
<doc></doc>
<metadata>
</metadata>
<status status="PASS" endtime="20150517 19:47:45.852" starttime="20150517 19:47:36.580"></status>
</suite>
<statistics>
<total>
<stat fail="0" pass="1">Critical Tests</stat>
<stat fail="0" pass="1">All Tests</stat>
</total>
<tag>
</tag>
<suite>
<stat fail="0" pass="1" id="s1" name="Tests">Tests</stat>
<stat fail="0" pass="1" id="s1-s1" name="Passing">Tests.Passing</stat>
</suite>
</statistics>
<errors>
</errors>
</robot>
